model,x,y_true,y_pred,error,abs_error
NaiveLast,540.0,93.0,112.9,-19.900000000000006,19.900000000000006
NaiveLast,541.0,66.7,112.9,-46.2,46.2
NaiveLast,542.0,54.5,112.9,-58.400000000000006,58.400000000000006
NaiveLast,543.0,75.3,112.9,-37.60000000000001,37.60000000000001
NaiveLast,544.0,88.8,112.9,-24.10000000000001,24.10000000000001
NaiveLast,545.0,66.5,112.9,-46.400000000000006,46.400000000000006
NaiveLast,546.0,65.8,112.9,-47.10000000000001,47.10000000000001
NaiveLast,547.0,64.4,112.9,-48.5,48.5
NaiveLast,548.0,78.6,112.9,-34.30000000000001,34.30000000000001
NaiveLast,549.0,63.6,112.9,-49.300000000000004,49.300000000000004
NaiveLast,550.0,62.2,112.9,-50.7,50.7
NaiveLast,551.0,58.0,112.9,-54.900000000000006,54.900000000000006
NaiveLast,552.0,57.0,112.9,-55.900000000000006,55.900000000000006
NaiveLast,553.0,56.4,112.9,-56.50000000000001,56.50000000000001
NaiveLast,554.0,54.1,112.9,-58.800000000000004,58.800000000000004
NaiveLast,555.0,37.9,112.9,-75.0,75.0
NaiveLast,556.0,51.5,112.9,-61.400000000000006,61.400000000000006
NaiveLast,557.0,20.5,112.9,-92.4,92.4
NaiveLast,558.0,32.4,112.9,-80.5,80.5
NaiveLast,559.0,50.2,112.9,-62.7,62.7
NaiveLast,560.0,44.6,112.9,-68.30000000000001,68.30000000000001
NaiveLast,561.0,33.4,112.9,-79.5,79.5
NaiveLast,562.0,21.4,112.9,-91.5,91.5
NaiveLast,563.0,18.5,112.9,-94.4,94.4
NaiveLast,564.0,26.1,112.9,-86.80000000000001,86.80000000000001
NaiveLast,565.0,26.4,112.9,-86.5,86.5
NaiveLast,566.0,17.7,112.9,-95.2,95.2
NaiveLast,567.0,32.3,112.9,-80.60000000000001,80.60000000000001
NaiveLast,568.0,18.9,112.9,-94.0,94.0
NaiveLast,569.0,19.2,112.9,-93.7,93.7
NaiveLast,570.0,17.8,112.9,-95.10000000000001,95.10000000000001
NaiveLast,571.0,32.6,112.9,-80.30000000000001,80.30000000000001
NaiveLast,572.0,43.7,112.9,-69.2,69.2
NaiveLast,573.0,13.2,112.9,-99.7,99.7
NaiveLast,574.0,5.7,112.9,-107.2,107.2
NaiveLast,575.0,8.2,112.9,-104.7,104.7
NaiveLast,576.0,6.8,112.9,-106.10000000000001,106.10000000000001
NaiveLast,577.0,10.7,112.9,-102.2,102.2
NaiveLast,578.0,2.5,112.9,-110.4,110.4
NaiveLast,579.0,8.9,112.9,-104.0,104.0
NaiveLast,580.0,13.1,112.9,-99.80000000000001,99.80000000000001
NaiveLast,581.0,15.6,112.9,-97.30000000000001,97.30000000000001
NaiveLast,582.0,1.6,112.9,-111.30000000000001,111.30000000000001
NaiveLast,583.0,8.7,112.9,-104.2,104.2
NaiveLast,584.0,3.3,112.9,-109.60000000000001,109.60000000000001
NaiveLast,585.0,4.9,112.9,-108.0,108.0
NaiveLast,586.0,4.9,112.9,-108.0,108.0
NaiveLast,587.0,3.1,112.9,-109.80000000000001,109.80000000000001
NaiveLast,588.0,7.7,112.9,-105.2,105.2
NaiveLast,589.0,0.8,112.9,-112.10000000000001,112.10000000000001
NaiveLast,590.0,9.4,112.9,-103.5,103.5
NaiveLast,591.0,9.1,112.9,-103.80000000000001,103.80000000000001
NaiveLast,592.0,9.9,112.9,-103.0,103.0
NaiveLast,593.0,1.2,112.9,-111.7,111.7
NaiveLast,594.0,0.9,112.9,-112.0,112.0
NaiveLast,595.0,0.5,112.9,-112.4,112.4
NaiveLast,596.0,1.1,112.9,-111.80000000000001,111.80000000000001
NaiveLast,597.0,0.4,112.9,-112.5,112.5
NaiveLast,598.0,0.5,112.9,-112.4,112.4
NaiveLast,599.0,1.5,112.9,-111.4,111.4
NaiveLast,600.0,6.2,112.9,-106.7,106.7
NaiveLast,601.0,0.2,112.9,-112.7,112.7
NaiveLast,602.0,1.5,112.9,-111.4,111.4
NaiveLast,603.0,5.2,112.9,-107.7,107.7
NaiveLast,604.0,0.2,112.9,-112.7,112.7
NaiveLast,605.0,5.8,112.9,-107.10000000000001,107.10000000000001
NaiveLast,606.0,6.1,112.9,-106.80000000000001,106.80000000000001
NaiveLast,607.0,7.5,112.9,-105.4,105.4
NaiveLast,608.0,0.6,112.9,-112.30000000000001,112.30000000000001
NaiveLast,609.0,14.6,112.9,-98.30000000000001,98.30000000000001
NaiveLast,610.0,34.5,112.9,-78.4,78.4
NaiveLast,611.0,23.1,112.9,-89.80000000000001,89.80000000000001
NaiveLast,612.0,10.4,112.9,-102.5,102.5
NaiveLast,613.0,8.2,112.9,-104.7,104.7
NaiveLast,614.0,17.2,112.9,-95.7,95.7
NaiveLast,615.0,24.5,112.9,-88.4,88.4
NaiveLast,616.0,21.2,112.9,-91.7,91.7
NaiveLast,617.0,25.0,112.9,-87.9,87.9
NaiveLast,618.0,34.3,112.9,-78.60000000000001,78.60000000000001
NaiveLast,619.0,22.0,112.9,-90.9,90.9
NaiveLast,620.0,51.3,112.9,-61.60000000000001,61.60000000000001
NaiveLast,621.0,37.4,112.9,-75.5,75.5
NaiveLast,622.0,34.8,112.9,-78.10000000000001,78.10000000000001
NaiveLast,623.0,67.5,112.9,-45.400000000000006,45.400000000000006
NaiveLast,624.0,55.3,112.9,-57.60000000000001,57.60000000000001
NaiveLast,625.0,60.9,112.9,-52.00000000000001,52.00000000000001
NaiveLast,626.0,78.6,112.9,-34.30000000000001,34.30000000000001
NaiveLast,627.0,84.0,112.9,-28.900000000000006,28.900000000000006
NaiveLast,628.0,96.5,112.9,-16.400000000000006,16.400000000000006
NaiveLast,629.0,70.3,112.9,-42.60000000000001,42.60000000000001
NaiveLast,630.0,91.4,112.9,-21.5,21.5
NaiveLast,631.0,74.6,112.9,-38.30000000000001,38.30000000000001
NaiveLast,632.0,96.0,112.9,-16.900000000000006,16.900000000000006
NaiveLast,633.0,95.5,112.9,-17.400000000000006,17.400000000000006
NaiveLast,634.0,80.5,112.9,-32.400000000000006,32.400000000000006
NaiveLast,635.0,112.8,112.9,-0.10000000000000853,0.10000000000000853
NaiveLast,636.0,144.4,112.9,31.5,31.5
NaiveLast,637.0,111.3,112.9,-1.6000000000000085,1.6000000000000085
NaiveLast,638.0,123.3,112.9,10.399999999999991,10.399999999999991
NaiveLast,639.0,97.6,112.9,-15.300000000000011,15.300000000000011
NaiveLast,640.0,137.4,112.9,24.5,24.5
NaiveLast,641.0,160.5,112.9,47.599999999999994,47.599999999999994
NaiveLast,642.0,160.0,112.9,47.099999999999994,47.099999999999994
NaiveLast,643.0,114.8,112.9,1.8999999999999915,1.8999999999999915
NaiveLast,644.0,134.2,112.9,21.299999999999983,21.299999999999983
NaiveLast,645.0,99.9,112.9,-13.0,13.0
NaiveLast,646.0,107.1,112.9,-5.800000000000011,5.800000000000011
NaiveLast,647.0,113.5,112.9,0.5999999999999943,0.5999999999999943
NaiveLast,648.0,126.0,112.9,13.099999999999994,13.099999999999994
NaiveLast,649.0,123.0,112.9,10.099999999999994,10.099999999999994
NaiveLast,650.0,103.7,112.9,-9.200000000000003,9.200000000000003
NaiveLast,651.0,137.0,112.9,24.099999999999994,24.099999999999994
NaiveLast,652.0,172.1,112.9,59.19999999999999,59.19999999999999
NaiveLast,653.0,164.1,112.9,51.19999999999999,51.19999999999999
NaiveLast,654.0,196.8,112.9,83.9,83.9
NaiveLast,655.0,216.0,112.9,103.1,103.1
NaiveLast,656.0,141.1,112.9,28.19999999999999,28.19999999999999
NaiveLast,657.0,165.8,112.9,52.900000000000006,52.900000000000006
NaiveLast,658.0,154.1,112.9,41.19999999999999,41.19999999999999
NaiveLast,659.0,154.6,112.9,41.69999999999999,41.69999999999999
NaiveLast,660.0,137.0,112.9,24.099999999999994,24.099999999999994
NaiveLast,661.0,155.7,112.9,42.79999999999998,42.79999999999998
NaiveLast,662.0,134.2,112.9,21.299999999999983,21.299999999999983
NaiveLast,663.0,141.4,112.9,28.5,28.5
NaiveLast,664.0,78.5,112.9,-34.400000000000006,34.400000000000006
NaiveLast,665.0,114.6,112.9,1.6999999999999886,1.6999999999999886
NaiveLast,666.0,125.9,112.9,13.0,13.0
NaiveLast,667.0,133.7,112.9,20.799999999999983,20.799999999999983
NaiveLast,668.0,129.7,112.9,16.799999999999983,16.799999999999983
NaiveLast,669.0,114.8,112.9,1.8999999999999915,1.8999999999999915
NaiveLast,670.0,91.7,112.9,-21.200000000000003,21.200000000000003
NaiveLast,671.0,124.2,112.9,11.299999999999997,11.299999999999997
NaiveLast,672.0,112.5,112.9,-0.4000000000000057,0.4000000000000057
NaiveLast,673.0,78.2,112.9,-34.7,34.7
NaiveLast,674.0,85.9,112.9,-27.0,27.0
NaiveLast,675.0,79.3,112.9,-33.60000000000001,33.60000000000001
MovingAverage,540.0,93.0,113.60833333333333,-20.608333333333334,20.608333333333334
MovingAverage,541.0,66.7,113.32569444444444,-46.625694444444434,46.625694444444434
MovingAverage,542.0,54.5,110.59450231481482,-56.09450231481482,56.09450231481482
MovingAverage,543.0,75.3,109.08571084104939,-33.785710841049394,33.785710841049394
MovingAverage,544.0,88.8,108.80118674447017,-20.001186744470175,20.001186744470175
MovingAverage,545.0,66.5,108.49295230650937,-41.992952306509366,41.992952306509366
MovingAverage,546.0,65.8,108.95903166538513,-43.15903166538513,43.15903166538513
MovingAverage,547.0,64.4,109.68895097083389,-45.28895097083388,45.28895097083388
MovingAverage,548.0,78.6,109.92136355173672,-31.321363551736724,31.321363551736724
MovingAverage,549.0,63.6,108.24814384771476,-44.648143847714756,44.648143847714756
MovingAverage,550.0,62.2,109.76882250169099,-47.56882250169099,47.56882250169099
MovingAverage,551.0,58.0,110.28289104349858,-52.28289104349858,52.28289104349858
MovingAverage,552.0,57.0,110.06479863045679,-53.06479863045679,53.06479863045679
MovingAverage,553.0,56.4,109.76950407188377,-53.369504071883775,53.369504071883775
MovingAverage,554.0,54.1,109.47315487417036,-55.37315487417036,55.37315487417036
MovingAverage,555.0,37.9,109.37970925411668,-71.47970925411667,71.47970925411667
MovingAverage,556.0,51.5,109.40420912187227,-57.90420912187227,57.90420912187227
MovingAverage,557.0,20.5,109.4544609866558,-88.9544609866558,88.9544609866558
MovingAverage,558.0,32.4,109.5345867100013,-77.13458671000132,77.13458671000132
MovingAverage,559.0,50.2,109.582549630386,-59.382549630385995,59.382549630385995
MovingAverage,560.0,44.6,109.57368285201532,-64.97368285201532,64.97368285201532
MovingAverage,561.0,33.4,109.54470946037189,-76.1447094603719,76.1447094603719
MovingAverage,562.0,21.4,109.65275659475998,-88.25275659475997,88.25275659475997
MovingAverage,563.0,18.5,109.64308443584906,-91.14308443584906,91.14308443584906
MovingAverage,564.0,26.1,109.58976721854492,-83.48976721854493,83.48976721854493
MovingAverage,565.0,26.4,109.55018126755228,-83.15018126755228,83.15018126755228
MovingAverage,566.0,17.7,109.53190436719132,-91.83190436719131,91.83190436719131
MovingAverage,567.0,32.3,109.53680015827639,-77.2368001582764,77.2368001582764
MovingAverage,568.0,18.9,109.54989106695639,-90.6498910669564,90.6498910669564
MovingAverage,569.0,19.2,109.56203122904674,-90.36203122904674,90.36203122904674
MovingAverage,570.0,17.8,109.57099541591265,-91.77099541591265,91.77099541591265
MovingAverage,571.0,32.6,109.5740294747386,-76.97402947473859,76.97402947473859
MovingAverage,572.0,43.7,109.57331946176798,-65.87331946176798,65.87331946176798
MovingAverage,573.0,13.2,109.57328917924735,-96.37328917924735,96.37328917924735
MovingAverage,574.0,5.7,109.57567082248697,-103.87567082248697,103.87567082248697
MovingAverage,575.0,8.2,109.56924700813089,-101.36924700813088,101.36924700813088
MovingAverage,576.0,6.8,109.56309388915435,-102.76309388915435,102.76309388915435
MovingAverage,577.0,10.7,109.56087111170514,-98.86087111170514,98.86087111170514
MovingAverage,578.0,2.5,109.56176193205123,-107.06176193205123,107.06176193205123
MovingAverage,579.0,8.9,109.56425006245622,-100.66425006245622,100.66425006245622
MovingAverage,580.0,13.1,109.56653755447121,-96.46653755447122,96.46653755447122
MovingAverage,581.0,15.6,109.5679247617641,-93.96792476176411,93.96792476176411
MovingAverage,582.0,1.6,109.56841588949055,-107.96841588949056,107.96841588949056
MovingAverage,583.0,8.7,109.56820092895539,-100.86820092895539,100.86820092895539
MovingAverage,584.0,3.3,109.56771521680679,-106.26771521680679,106.26771521680679
MovingAverage,585.0,4.9,109.56724819639335,-104.66724819639334,104.66724819639334
MovingAverage,586.0,4.9,109.56674478115552,-104.66674478115551,104.66674478115551
MovingAverage,587.0,3.1,109.56600094437789,-106.4660009443779,106.4660009443779
MovingAverage,588.0,7.7,109.56573043906515,-101.86573043906515,101.86573043906515
MovingAverage,589.0,0.8,109.56595015155771,-108.76595015155772,108.76595015155772
MovingAverage,590.0,9.4,109.56637340487875,-100.16637340487874,100.16637340487874
MovingAverage,591.0,9.1,109.56675769428107,-100.46675769428107,100.46675769428107
MovingAverage,592.0,9.9,109.56696666359979,-99.66696666359978,99.66696666359978
MovingAverage,593.0,1.2,109.56700242269382,-108.36700242269382,108.36700242269382
MovingAverage,594.0,0.9,109.56692556110464,-108.66692556110463,108.66692556110463
MovingAverage,595.0,0.5,109.56680136707247,-109.06680136707247,109.06680136707247
MovingAverage,596.0,1.1,109.56668473691559,-108.4666847369156,108.4666847369156
MovingAverage,597.0,0.4,109.5665988635913,-109.16659886359129,109.16659886359129
MovingAverage,598.0,0.5,109.56654475252448,-109.06654475252448,109.06654475252448
MovingAverage,599.0,1.5,109.5665280834719,-108.0665280834719,108.0665280834719
MovingAverage,600.0,6.2,109.56657201172975,-103.36657201172974,103.36657201172974
MovingAverage,601.0,0.2,109.5666421427851,-109.3666421427851,109.3666421427851
MovingAverage,602.0,1.5,109.56669980872073,-108.06669980872073,108.06669980872073
MovingAverage,603.0,5.2,109.56672700904089,-104.36672700904089,104.36672700904089
MovingAverage,604.0,0.2,109.56672445193755,-109.36672445193754,109.36672445193754
MovingAverage,605.0,5.8,109.56670426763235,-103.76670426763235,103.76670426763235
MovingAverage,606.0,6.1,109.56667942137722,-103.46667942137722,103.46667942137722
MovingAverage,607.0,7.5,109.56665890973325,-102.06665890973325,102.06665890973325
MovingAverage,608.0,0.6,109.56664703828831,-108.96664703828831,108.96664703828831
MovingAverage,609.0,14.6,109.56664389673607,-94.96664389673607,94.96664389673607
MovingAverage,610.0,34.5,109.56664764949812,-75.06664764949812,75.06664764949812
MovingAverage,611.0,23.1,109.56665622424593,-86.46665622424592,86.46665622424592
MovingAverage,612.0,10.4,109.56666690264376,-99.16666690264375,99.16666690264375
MovingAverage,613.0,8.2,109.56667481021994,-101.36667481021993,101.36667481021993
MovingAverage,614.0,17.2,109.56667753250618,-92.36667753250617,92.36667753250617
MovingAverage,615.0,24.5,109.56667567615496,-85.06667567615496,85.06667567615496
MovingAverage,616.0,21.2,109.56667139841448,-88.36667139841448,88.36667139841448
MovingAverage,617.0,25.0,109.56666697728754,-84.56666697728754,84.56666697728754
MovingAverage,618.0,34.3,109.56666386975881,-75.26666386975882,75.26666386975882
MovingAverage,619.0,22.0,109.56666257379061,-87.56666257379061,87.56666257379061
MovingAverage,620.0,51.3,109.56666287912871,-58.26666287912872,58.26666287912872
MovingAverage,621.0,37.4,109.56666419919877,-72.16666419919878,72.16666419919878
MovingAverage,622.0,34.8,109.56666589107066,-74.76666589107066,74.76666589107066
MovingAverage,623.0,67.5,109.5666674112017,-42.066667411201706,42.066667411201706
MovingAverage,624.0,55.3,109.566668343448,-54.266668343448,54.266668343448
MovingAverage,625.0,60.9,109.56666846351503,-48.66666846351503,48.66666846351503
MovingAverage,626.0,78.6,109.56666793462296,-30.96666793462296,30.96666793462296
MovingAverage,627.0,84.0,109.56666713479937,-25.566667134799374,25.566667134799374
MovingAverage,628.0,96.5,109.56666642301973,-13.066666423019726,13.066666423019726
MovingAverage,629.0,70.3,109.5666660084035,-39.266666008403504,39.266666008403504
MovingAverage,630.0,91.4,109.56666592766317,-18.16666592766316,18.16666592766316
MovingAverage,631.0,74.6,109.56666609915517,-34.96666609915518,34.96666609915518
MovingAverage,632.0,96.0,109.56666639293557,-13.566666392935574,13.566666392935574
MovingAverage,633.0,95.5,109.5666666857528,-14.066666685752807,14.066666685752807
MovingAverage,634.0,80.5,109.56666689296564,-29.066666892965642,29.066666892965642
MovingAverage,635.0,112.8,109.56666697645689,3.2333330235431106,3.2333330235431106
MovingAverage,636.0,144.4,109.56666694022816,34.833333059771846,34.833333059771846
MovingAverage,637.0,111.3,109.56666682329318,1.7333331767068216,1.7333331767068216
MovingAverage,638.0,123.3,109.56666668660802,13.73333331339198,13.73333331339198
MovingAverage,639.0,97.6,109.56666658260674,-11.966666582606749,11.966666582606749
MovingAverage,640.0,137.4,109.56666653659072,27.83333346340929,27.83333346340929
MovingAverage,641.0,160.5,109.56666654605498,50.933333453945025,50.933333453945025
MovingAverage,642.0,160.0,109.56666659085924,50.43333340914076,50.43333340914076
MovingAverage,643.0,114.8,109.5666666461256,5.2333333538744,5.2333333538744
MovingAverage,644.0,134.2,109.56666669170647,24.633333308293516,24.633333308293516
MovingAverage,645.0,99.9,109.56666671660405,-9.666666716604041,9.666666716604041
MovingAverage,646.0,107.1,109.56666671917498,-2.466666719174981,2.466666719174981
MovingAverage,647.0,113.5,109.56666670469241,3.933333295307591,3.933333295307591
MovingAverage,648.0,126.0,109.56666668204537,16.433333317954634,16.433333317954634
MovingAverage,649.0,123.0,109.56666666053013,13.433333339469868,13.433333339469868
MovingAverage,650.0,103.7,109.56666664696657,-5.866666646966564,5.866666646966564
MovingAverage,651.0,137.0,109.5666666436631,27.433333356336902,27.433333356336902
MovingAverage,652.0,172.1,109.56666664875111,62.533333351248885,62.533333351248885
MovingAverage,653.0,164.1,109.56666665809786,54.533333341902136,54.533333341902136
MovingAverage,654.0,196.8,109.56666666743473,87.23333333256528,87.23333333256528
MovingAverage,655.0,216.0,109.56666667381602,106.43333332618398,106.43333332618398
MovingAverage,656.0,141.1,109.56666667612355,31.533333323876448,31.533333323876448
MovingAverage,657.0,165.8,109.56666667482496,56.23333332517505,56.23333332517505
MovingAverage,658.0,154.1,109.56666667134338,44.53333332865661,44.53333332865661
MovingAverage,659.0,154.6,109.56666666735744,45.033333332642556,45.033333332642556
MovingAverage,660.0,137.0,109.56666666424617,27.43333333575383,27.43333333575383
MovingAverage,661.0,155.7,109.56666666276293,46.13333333723706,46.13333333723706
MovingAverage,662.0,134.2,109.56666666294898,24.633333337051013,24.633333337051013
MovingAverage,663.0,141.4,109.56666666428085,31.83333333571916,31.83333333571916
MovingAverage,664.0,78.5,109.566666665999,-31.066666665998994,31.066666665998994
MovingAverage,665.0,114.6,109.56666666743632,5.0333333325636715,5.0333333325636715
MovingAverage,666.0,125.9,109.56666666821452,16.333333331785482,16.333333331785482
MovingAverage,667.0,133.7,109.5666666682795,24.133333331720493,24.133333331720493
MovingAverage,668.0,129.7,109.56666666781814,20.13333333218185,20.13333333218185
MovingAverage,669.0,114.8,109.56666666712601,5.233333332873983,5.233333332873983
MovingAverage,670.0,91.7,109.56666666648444,-17.866666666484434,17.866666666484434
MovingAverage,671.0,124.2,109.56666666607951,14.63333333392049,14.63333333392049
MovingAverage,672.0,112.5,109.56666666597305,2.9333333340269547,2.9333333340269547
MovingAverage,673.0,78.2,109.56666666611693,-31.366666666116927,31.366666666116927
MovingAverage,674.0,85.9,109.56666666639644,-23.666666666396438,23.666666666396438
MovingAverage,675.0,79.3,109.56666666668373,-30.266666666683733,30.266666666683733
PolynomialRegression,540.0,93.0,154.10328432135705,-61.10328432135705,61.10328432135705
PolynomialRegression,541.0,66.7,157.88334704706975,-91.18334704706974,91.18334704706974
PolynomialRegression,542.0,54.5,161.7202469338753,-107.2202469338753,107.2202469338753
PolynomialRegression,543.0,75.3,165.61416966911366,-90.31416966911367,90.31416966911367
PolynomialRegression,544.0,88.8,169.5653009401245,-80.7653009401245,80.7653009401245
PolynomialRegression,545.0,66.5,173.57382643424776,-107.07382643424776,107.07382643424776
PolynomialRegression,546.0,65.8,177.63993183882312,-111.83993183882312,111.83993183882312
PolynomialRegression,547.0,64.4,181.76380284119048,-117.36380284119048,117.36380284119048
PolynomialRegression,548.0,78.6,185.94562512868964,-107.34562512868965,107.34562512868965
PolynomialRegression,549.0,63.6,190.1855843886604,-126.58558438866041,126.58558438866041
PolynomialRegression,550.0,62.2,194.48386630844254,-132.28386630844255,132.28386630844255
PolynomialRegression,551.0,58.0,198.8406565753759,-140.8406565753759,140.8406565753759
PolynomialRegression,552.0,57.0,203.2561408768003,-146.2561408768003,146.2561408768003
PolynomialRegression,553.0,56.4,207.7305049000555,-151.3305049000555,151.3305049000555
PolynomialRegression,554.0,54.1,212.26393433248143,-158.16393433248143,158.16393433248143
PolynomialRegression,555.0,37.9,216.8566148614178,-178.9566148614178,178.9566148614178
PolynomialRegression,556.0,51.5,221.50873217420428,-170.00873217420428,170.00873217420428
PolynomialRegression,557.0,20.5,226.220471958181,-205.720471958181,205.720471958181
PolynomialRegression,558.0,32.4,230.99201990068758,-198.59201990068757,198.59201990068757
PolynomialRegression,559.0,50.2,235.82356168906387,-185.62356168906388,185.62356168906388
PolynomialRegression,560.0,44.6,240.71528301064956,-196.11528301064956,196.11528301064956
PolynomialRegression,561.0,33.4,245.66736955278466,-212.26736955278466,212.26736955278466
PolynomialRegression,562.0,21.4,250.68000700280896,-229.28000700280896,229.28000700280896
PolynomialRegression,563.0,18.5,255.75338104806215,-237.25338104806215,237.25338104806215
PolynomialRegression,564.0,26.1,260.887677375884,-234.787677375884,234.787677375884
PolynomialRegression,565.0,26.4,266.08308167361446,-239.68308167361445,239.68308167361445
PolynomialRegression,566.0,17.7,271.3397796285933,-253.63977962859332,253.63977962859332
PolynomialRegression,567.0,32.3,276.65795692816044,-244.35795692816043,244.35795692816043
PolynomialRegression,568.0,18.9,282.03779925965534,-263.13779925965537,263.13779925965537
PolynomialRegression,569.0,19.2,287.4794923104182,-268.2794923104182,268.2794923104182
PolynomialRegression,570.0,17.8,292.98322176778873,-275.1832217677887,275.1832217677887
PolynomialRegression,571.0,32.6,298.54917331910656,-265.94917331910654,265.94917331910654
PolynomialRegression,572.0,43.7,304.17753265171166,-260.47753265171167,260.47753265171167
PolynomialRegression,573.0,13.2,309.86848545294373,-296.66848545294374,296.66848545294374
PolynomialRegression,574.0,5.7,315.6222174101428,-309.9222174101428,309.9222174101428
PolynomialRegression,575.0,8.2,321.43891421064853,-313.23891421064855,313.23891421064855
PolynomialRegression,576.0,6.8,327.3187615418006,-320.5187615418006,320.5187615418006
PolynomialRegression,577.0,10.7,333.261945090939,-322.561945090939,322.561945090939
PolynomialRegression,578.0,2.5,339.26865054540355,-336.76865054540355,336.76865054540355
PolynomialRegression,579.0,8.9,345.33906359253405,-336.43906359253407,336.43906359253407
PolynomialRegression,580.0,13.1,351.47336991967023,-338.3733699196702,338.3733699196702
PolynomialRegression,581.0,15.6,357.6717552141518,-342.0717552141518,342.0717552141518
PolynomialRegression,582.0,1.6,363.9344051633188,-362.33440516331876,362.33440516331876
PolynomialRegression,583.0,8.7,370.261505454511,-361.561505454511,361.561505454511
PolynomialRegression,584.0,3.3,376.65324177506824,-373.3532417750682,373.3532417750682
PolynomialRegression,585.0,4.9,383.10979981233004,-378.20979981233006,378.20979981233006
PolynomialRegression,586.0,4.9,389.6313652536365,-384.7313652536365,384.7313652536365
PolynomialRegression,587.0,3.1,396.21812378632734,-393.1181237863273,393.1181237863273
PolynomialRegression,588.0,7.7,402.8702610977425,-395.1702610977425,395.1702610977425
PolynomialRegression,589.0,0.8,409.58796287522154,-408.7879628752215,408.7879628752215
PolynomialRegression,590.0,9.4,416.37141480610444,-406.97141480610446,406.97141480610446
PolynomialRegression,591.0,9.1,423.2208025777309,-414.1208025777309,414.1208025777309
PolynomialRegression,592.0,9.9,430.13631187744096,-420.236311877441,420.236311877441
PolynomialRegression,593.0,1.2,437.11812839257414,-435.91812839257415,435.91812839257415
PolynomialRegression,594.0,0.9,444.16643781047037,-443.2664378104704,443.2664378104704
PolynomialRegression,595.0,0.5,451.2814258184696,-450.7814258184696,450.7814258184696
PolynomialRegression,596.0,1.1,458.4632781039115,-457.36327810391145,457.36327810391145
PolynomialRegression,597.0,0.4,465.71218035413574,-465.31218035413576,465.31218035413576
PolynomialRegression,598.0,0.5,473.0283182564824,-472.5283182564824,472.5283182564824
PolynomialRegression,599.0,1.5,480.4118774982911,-478.9118774982911,478.9118774982911
PolynomialRegression,600.0,6.2,487.86304376690185,-481.66304376690186,481.66304376690186
PolynomialRegression,601.0,0.2,495.38200274965413,-495.18200274965415,495.18200274965415
PolynomialRegression,602.0,1.5,502.9689401338882,-501.4689401338882,501.4689401338882
PolynomialRegression,603.0,5.2,510.62404160694365,-505.42404160694366,505.42404160694366
PolynomialRegression,604.0,0.2,518.34749285616,-518.1474928561599,518.1474928561599
PolynomialRegression,605.0,5.8,526.1394795688774,-520.3394795688774,520.3394795688774
PolynomialRegression,606.0,6.1,534.0001874324357,-527.9001874324357,527.9001874324357
PolynomialRegression,607.0,7.5,541.9298021341747,-534.4298021341747,534.4298021341747
PolynomialRegression,608.0,0.6,549.9285093614338,-549.3285093614338,549.3285093614338
PolynomialRegression,609.0,14.6,557.9964948015534,-543.3964948015533,543.3964948015533
PolynomialRegression,610.0,34.5,566.1339441418727,-531.6339441418727,531.6339441418727
PolynomialRegression,611.0,23.1,574.3410430697321,-551.2410430697321,551.2410430697321
PolynomialRegression,612.0,10.4,582.6179772724711,-572.2179772724711,572.2179772724711
PolynomialRegression,613.0,8.2,590.9649324374296,-582.7649324374296,582.7649324374296
PolynomialRegression,614.0,17.2,599.3820942519473,-582.1820942519472,582.1820942519472
PolynomialRegression,615.0,24.5,607.8696484033642,-583.3696484033642,583.3696484033642
PolynomialRegression,616.0,21.2,616.4277805790199,-595.2277805790198,595.2277805790198
PolynomialRegression,617.0,25.0,625.0566764662542,-600.0566764662542,600.0566764662542
PolynomialRegression,618.0,34.3,633.756521752407,-599.4565217524071,599.4565217524071
PolynomialRegression,619.0,22.0,642.5275021248184,-620.5275021248184,620.5275021248184
PolynomialRegression,620.0,51.3,651.3698032708279,-600.069803270828,600.069803270828
PolynomialRegression,621.0,37.4,660.2836108777752,-622.8836108777753,622.8836108777753
PolynomialRegression,622.0,34.8,669.2691106330001,-634.4691106330001,634.4691106330001
PolynomialRegression,623.0,67.5,678.3264882238427,-610.8264882238427,610.8264882238427
PolynomialRegression,624.0,55.3,687.4559293376428,-632.1559293376429,632.1559293376429
PolynomialRegression,625.0,60.9,696.65761966174,-635.75761966174,635.75761966174
PolynomialRegression,626.0,78.6,705.931744883474,-627.331744883474,627.331744883474
PolynomialRegression,627.0,84.0,715.2784906901851,-631.2784906901851,631.2784906901851
PolynomialRegression,628.0,96.5,724.6980427692127,-628.1980427692127,628.1980427692127
PolynomialRegression,629.0,70.3,734.1905868078968,-663.8905868078969,663.8905868078969
PolynomialRegression,630.0,91.4,743.7563084935769,-652.3563084935769,652.3563084935769
PolynomialRegression,631.0,74.6,753.3953935135934,-678.7953935135934,678.7953935135934
PolynomialRegression,632.0,96.0,763.1080275552855,-667.1080275552855,667.1080275552855
PolynomialRegression,633.0,95.5,772.8943963059935,-677.3943963059935,677.3943963059935
PolynomialRegression,634.0,80.5,782.7546854530565,-702.2546854530565,702.2546854530565
PolynomialRegression,635.0,112.8,792.6890806838153,-679.8890806838153,679.8890806838153
PolynomialRegression,636.0,144.4,802.697767685609,-658.2977676856091,658.2977676856091
PolynomialRegression,637.0,111.3,812.7809321457778,-701.4809321457778,701.4809321457778
PolynomialRegression,638.0,123.3,822.9387597516612,-699.6387597516613,699.6387597516613
PolynomialRegression,639.0,97.6,833.1714361905988,-735.5714361905988,735.5714361905988
PolynomialRegression,640.0,137.4,843.479147149931,-706.079147149931,706.079147149931
PolynomialRegression,641.0,160.5,853.8620783169976,-693.3620783169976,693.3620783169976
PolynomialRegression,642.0,160.0,864.3204153791379,-704.3204153791379,704.3204153791379
PolynomialRegression,643.0,114.8,874.8543440236917,-760.0543440236918,760.0543440236918
PolynomialRegression,644.0,134.2,885.4640499379994,-751.2640499379995,751.2640499379995
PolynomialRegression,645.0,99.9,896.1497188094007,-796.2497188094007,796.2497188094007
PolynomialRegression,646.0,107.1,906.9115363252351,-799.8115363252351,799.8115363252351
PolynomialRegression,647.0,113.5,917.7496881728422,-804.2496881728422,804.2496881728422
PolynomialRegression,648.0,126.0,928.6643600395623,-802.6643600395623,802.6643600395623
PolynomialRegression,649.0,123.0,939.655737612735,-816.655737612735,816.655737612735
PolynomialRegression,650.0,103.7,950.7240065797004,-847.0240065797003,847.0240065797003
PolynomialRegression,651.0,137.0,961.8693526277975,-824.8693526277975,824.8693526277975
PolynomialRegression,652.0,172.1,973.091961444367,-800.991961444367,800.991961444367
PolynomialRegression,653.0,164.1,984.3920187167486,-820.2920187167485,820.2920187167485
PolynomialRegression,654.0,196.8,995.7697101322818,-798.9697101322818,798.9697101322818
PolynomialRegression,655.0,216.0,1007.2252213783063,-791.2252213783063,791.2252213783063
PolynomialRegression,656.0,141.1,1018.7587381421621,-877.6587381421621,877.6587381421621
PolynomialRegression,657.0,165.8,1030.370446111189,-864.5704461111891,864.5704461111891
PolynomialRegression,658.0,154.1,1042.0605309727273,-887.9605309727273,887.9605309727273
PolynomialRegression,659.0,154.6,1053.829178414116,-899.2291784141161,899.2291784141161
PolynomialRegression,660.0,137.0,1065.6765741226955,-928.6765741226955,928.6765741226955
PolynomialRegression,661.0,155.7,1077.6029037858043,-921.9029037858043,921.9029037858043
PolynomialRegression,662.0,134.2,1089.6083530907842,-955.4083530907842,955.4083530907842
PolynomialRegression,663.0,141.4,1101.6931077249742,-960.2931077249742,960.2931077249742
PolynomialRegression,664.0,78.5,1113.8573533757135,-1035.3573533757135,1035.3573533757135
PolynomialRegression,665.0,114.6,1126.1012757303429,-1011.5012757303429,1011.5012757303429
PolynomialRegression,666.0,125.9,1138.4250604762012,-1012.5250604762012,1012.5250604762012
PolynomialRegression,667.0,133.7,1150.828893300629,-1017.128893300629,1017.128893300629
PolynomialRegression,668.0,129.7,1163.3129598909659,-1033.6129598909658,1033.6129598909658
PolynomialRegression,669.0,114.8,1175.8774459345516,-1061.0774459345516,1061.0774459345516
PolynomialRegression,670.0,91.7,1188.5225371187255,-1096.8225371187254,1096.8225371187254
PolynomialRegression,671.0,124.2,1201.2484191308283,-1077.0484191308283,1077.0484191308283
PolynomialRegression,672.0,112.5,1214.0552776581994,-1101.5552776581994,1101.5552776581994
PolynomialRegression,673.0,78.2,1226.9432983881786,-1148.7432983881786,1148.7432983881786
PolynomialRegression,674.0,85.9,1239.9126670081055,-1154.0126670081054,1154.0126670081054
PolynomialRegression,675.0,79.3,1252.9635692053203,-1173.6635692053203,1173.6635692053203
SeasonalNaive,540.0,93.0,60.6,32.4,32.4
SeasonalNaive,541.0,66.7,74.6,-7.8999999999999915,7.8999999999999915
SeasonalNaive,542.0,54.5,74.8,-20.299999999999997,20.299999999999997
SeasonalNaive,543.0,75.3,59.2,16.099999999999994,16.099999999999994
SeasonalNaive,544.0,88.8,72.8,16.0,16.0
SeasonalNaive,545.0,66.5,66.5,0.0,0.0
SeasonalNaive,546.0,65.8,83.8,-18.0,18.0
SeasonalNaive,547.0,64.4,69.7,-5.299999999999997,5.299999999999997
SeasonalNaive,548.0,78.6,48.8,29.799999999999997,29.799999999999997
SeasonalNaive,549.0,63.6,74.2,-10.600000000000001,10.600000000000001
SeasonalNaive,550.0,62.2,70.1,-7.8999999999999915,7.8999999999999915
SeasonalNaive,551.0,58.0,28.9,29.1,29.1
SeasonalNaive,552.0,57.0,48.1,8.899999999999999,8.899999999999999
SeasonalNaive,553.0,56.4,43.5,12.899999999999999,12.899999999999999
SeasonalNaive,554.0,54.1,39.6,14.5,14.5
SeasonalNaive,555.0,37.9,38.7,-0.8000000000000043,0.8000000000000043
SeasonalNaive,556.0,51.5,61.9,-10.399999999999999,10.399999999999999
SeasonalNaive,557.0,20.5,56.8,-36.3,36.3
SeasonalNaive,558.0,32.4,62.4,-30.0,30.0
SeasonalNaive,559.0,50.2,60.5,-10.299999999999997,10.299999999999997
SeasonalNaive,560.0,44.6,37.2,7.399999999999999,7.399999999999999
SeasonalNaive,561.0,33.4,13.2,20.2,20.2
SeasonalNaive,562.0,21.4,27.5,-6.100000000000001,6.100000000000001
SeasonalNaive,563.0,18.5,59.3,-40.8,40.8
SeasonalNaive,564.0,26.1,20.9,5.200000000000003,5.200000000000003
SeasonalNaive,565.0,26.4,5.7,20.7,20.7
SeasonalNaive,566.0,17.7,17.3,0.3999999999999986,0.3999999999999986
SeasonalNaive,567.0,32.3,50.3,-18.0,18.0
SeasonalNaive,568.0,18.9,37.2,-18.300000000000004,18.300000000000004
SeasonalNaive,569.0,19.2,24.5,-5.300000000000001,5.300000000000001
SeasonalNaive,570.0,17.8,22.2,-4.399999999999999,4.399999999999999
SeasonalNaive,571.0,32.6,20.8,11.8,11.8
SeasonalNaive,572.0,43.7,23.7,20.000000000000004,20.000000000000004
SeasonalNaive,573.0,13.2,14.9,-1.700000000000001,1.700000000000001
SeasonalNaive,574.0,5.7,35.7,-30.000000000000004,30.000000000000004
SeasonalNaive,575.0,8.2,22.3,-14.100000000000001,14.100000000000001
SeasonalNaive,576.0,6.8,29.3,-22.5,22.5
SeasonalNaive,577.0,10.7,18.4,-7.699999999999999,7.699999999999999
SeasonalNaive,578.0,2.5,7.2,-4.7,4.7
SeasonalNaive,579.0,8.9,5.4,3.5,3.5
SeasonalNaive,580.0,13.1,19.5,-6.4,6.4
SeasonalNaive,581.0,15.6,21.3,-5.700000000000001,5.700000000000001
SeasonalNaive,582.0,1.6,15.1,-13.5,13.5
SeasonalNaive,583.0,8.7,9.8,-1.1000000000000014,1.1000000000000014
SeasonalNaive,584.0,3.3,4.0,-0.7000000000000002,0.7000000000000002
SeasonalNaive,585.0,4.9,1.5,3.4000000000000004,3.4000000000000004
SeasonalNaive,586.0,4.9,2.8,2.1000000000000005,2.1000000000000005
SeasonalNaive,587.0,3.1,17.3,-14.200000000000001,14.200000000000001
SeasonalNaive,588.0,7.7,4.1,3.6000000000000005,3.6000000000000005
SeasonalNaive,589.0,0.8,2.9,-2.0999999999999996,2.0999999999999996
SeasonalNaive,590.0,9.4,15.5,-6.1,6.1
SeasonalNaive,591.0,9.1,3.6,5.5,5.5
SeasonalNaive,592.0,9.9,4.6,5.300000000000001,5.300000000000001
SeasonalNaive,593.0,1.2,5.2,-4.0,4.0
SeasonalNaive,594.0,0.9,0.6,0.30000000000000004,0.30000000000000004
SeasonalNaive,595.0,0.5,0.3,0.2,0.2
SeasonalNaive,596.0,1.1,1.2,-0.09999999999999987,0.09999999999999987
SeasonalNaive,597.0,0.4,4.2,-3.8000000000000003,3.8000000000000003
SeasonalNaive,598.0,0.5,6.6,-6.1,6.1
SeasonalNaive,599.0,1.5,1.0,0.5,0.5
SeasonalNaive,600.0,6.2,1.3,4.9,4.9
SeasonalNaive,601.0,0.2,1.2,-1.0,1.0
SeasonalNaive,602.0,1.5,0.6,0.9,0.9
SeasonalNaive,603.0,5.2,1.2,4.0,4.0
SeasonalNaive,604.0,0.2,2.9,-2.6999999999999997,2.6999999999999997
SeasonalNaive,605.0,5.8,6.3,-0.5,0.5
SeasonalNaive,606.0,6.1,5.5,0.5999999999999996,0.5999999999999996
SeasonalNaive,607.0,7.5,0.0,7.5,7.5
SeasonalNaive,608.0,0.6,7.1,-6.5,6.5
SeasonalNaive,609.0,14.6,7.7,6.8999999999999995,6.8999999999999995
SeasonalNaive,610.0,34.5,6.9,27.6,27.6
SeasonalNaive,611.0,23.1,16.3,6.800000000000001,6.800000000000001
SeasonalNaive,612.0,10.4,19.5,-9.1,9.1
SeasonalNaive,613.0,8.2,28.5,-20.3,20.3
SeasonalNaive,614.0,17.2,24.0,-6.800000000000001,6.800000000000001
SeasonalNaive,615.0,24.5,10.4,14.1,14.1
SeasonalNaive,616.0,21.2,13.9,7.299999999999999,7.299999999999999
SeasonalNaive,617.0,25.0,18.8,6.199999999999999,6.199999999999999
SeasonalNaive,618.0,34.3,25.2,9.099999999999998,9.099999999999998
SeasonalNaive,619.0,22.0,29.6,-7.600000000000001,7.600000000000001
SeasonalNaive,620.0,51.3,36.4,14.899999999999999,14.899999999999999
SeasonalNaive,621.0,37.4,33.6,3.799999999999997,3.799999999999997
SeasonalNaive,622.0,34.8,34.4,0.3999999999999986,0.3999999999999986
SeasonalNaive,623.0,67.5,24.5,43.0,43.0
SeasonalNaive,624.0,55.3,27.3,27.999999999999996,27.999999999999996
SeasonalNaive,625.0,60.9,48.3,12.600000000000001,12.600000000000001
SeasonalNaive,626.0,78.6,78.6,0.0,0.0
SeasonalNaive,627.0,84.0,76.1,7.900000000000006,7.900000000000006
SeasonalNaive,628.0,96.5,58.2,38.3,38.3
SeasonalNaive,629.0,70.3,56.1,14.199999999999996,14.199999999999996
SeasonalNaive,630.0,91.4,64.5,26.900000000000006,26.900000000000006
SeasonalNaive,631.0,74.6,65.8,8.799999999999997,8.799999999999997
SeasonalNaive,632.0,96.0,120.1,-24.099999999999994,24.099999999999994
SeasonalNaive,633.0,95.5,125.7,-30.200000000000003,30.200000000000003
SeasonalNaive,634.0,80.5,139.1,-58.599999999999994,58.599999999999994
SeasonalNaive,635.0,112.8,109.3,3.5,3.5
SeasonalNaive,636.0,144.4,94.4,50.0,50.0
SeasonalNaive,637.0,111.3,47.8,63.5,63.5
SeasonalNaive,638.0,123.3,86.6,36.7,36.7
SeasonalNaive,639.0,97.6,85.9,11.699999999999989,11.699999999999989
SeasonalNaive,640.0,137.4,96.5,40.900000000000006,40.900000000000006
SeasonalNaive,641.0,160.5,92.0,68.5,68.5
SeasonalNaive,642.0,160.0,100.1,59.900000000000006,59.900000000000006
SeasonalNaive,643.0,114.8,94.8,20.0,20.0
SeasonalNaive,644.0,134.2,93.7,40.499999999999986,40.499999999999986
SeasonalNaive,645.0,99.9,76.5,23.400000000000006,23.400000000000006
SeasonalNaive,646.0,107.1,87.6,19.5,19.5
SeasonalNaive,647.0,113.5,56.8,56.7,56.7
SeasonalNaive,648.0,126.0,96.1,29.900000000000006,29.900000000000006
SeasonalNaive,649.0,123.0,60.9,62.1,62.1
SeasonalNaive,650.0,103.7,78.3,25.400000000000006,25.400000000000006
SeasonalNaive,651.0,137.0,107.3,29.700000000000003,29.700000000000003
SeasonalNaive,652.0,172.1,120.2,51.89999999999999,51.89999999999999
SeasonalNaive,653.0,164.1,76.7,87.39999999999999,87.39999999999999
SeasonalNaive,654.0,196.8,86.2,110.60000000000001,110.60000000000001
SeasonalNaive,655.0,216.0,91.8,124.2,124.2
SeasonalNaive,656.0,141.1,54.5,86.6,86.6
SeasonalNaive,657.0,165.8,114.4,51.400000000000006,51.400000000000006
SeasonalNaive,658.0,154.1,113.9,40.19999999999999,40.19999999999999
SeasonalNaive,659.0,154.6,124.2,30.39999999999999,30.39999999999999
SeasonalNaive,660.0,137.0,117.0,20.0,20.0
SeasonalNaive,661.0,155.7,146.1,9.599999999999994,9.599999999999994
SeasonalNaive,662.0,134.2,128.7,5.5,5.5
SeasonalNaive,663.0,141.4,112.5,28.900000000000006,28.900000000000006
SeasonalNaive,664.0,78.5,112.5,-34.0,34.0
SeasonalNaive,665.0,114.6,102.9,11.699999999999989,11.699999999999989
SeasonalNaive,666.0,125.9,100.2,25.700000000000003,25.700000000000003
SeasonalNaive,667.0,133.7,106.9,26.799999999999983,26.799999999999983
SeasonalNaive,668.0,129.7,130.0,-0.30000000000001137,0.30000000000001137
SeasonalNaive,669.0,114.8,90.0,24.799999999999997,24.799999999999997
SeasonalNaive,670.0,91.7,103.6,-11.899999999999991,11.899999999999991
SeasonalNaive,671.0,124.2,112.9,11.299999999999997,11.299999999999997
SeasonalNaive,672.0,112.5,60.6,51.9,51.9
SeasonalNaive,673.0,78.2,74.6,3.6000000000000085,3.6000000000000085
SeasonalNaive,674.0,85.9,74.8,11.100000000000009,11.100000000000009
SeasonalNaive,675.0,79.3,59.2,20.099999999999994,20.099999999999994
IRFKriging,540.0,93.0,101.66892380443444,-8.668923804434442,8.668923804434442
IRFKriging,541.0,66.7,98.80494062201537,-32.10494062201536,32.10494062201536
IRFKriging,542.0,54.5,95.48792101846622,-40.987921018466224,40.987921018466224
IRFKriging,543.0,75.3,92.01373619645088,-16.71373619645088,16.71373619645088
IRFKriging,544.0,88.8,88.54850003592159,0.25149996407840547,0.25149996407840547
IRFKriging,545.0,66.5,85.15832057963767,-18.658320579637675,18.658320579637675
IRFKriging,546.0,65.8,81.8600449237658,-16.0600449237658,16.0600449237658
IRFKriging,547.0,64.4,78.65125490748517,-14.251254907485162,14.251254907485162
IRFKriging,548.0,78.6,75.52385718142206,3.076142818577935,3.076142818577935
IRFKriging,549.0,63.6,72.46945368544107,-8.869453685441066,8.869453685441066
IRFKriging,550.0,62.2,69.48116525901528,-7.281165259015282,7.281165259015282
IRFKriging,551.0,58.0,66.55404067577334,-8.554040675773336,8.554040675773336
IRFKriging,552.0,57.0,63.68494792778402,-6.684947927784023,6.684947927784023
IRFKriging,553.0,56.4,60.87230851971034,-4.472308519710339,4.472308519710339
IRFKriging,554.0,54.1,58.115812763814375,-4.015812763814374,4.015812763814374
IRFKriging,555.0,37.9,55.41616347229062,-17.51616347229062,17.51616347229062
IRFKriging,556.0,51.5,52.77485986835373,-1.2748598683537296,1.2748598683537296
IRFKriging,557.0,20.5,50.19402026264072,-29.69402026264072,29.69402026264072
IRFKriging,558.0,32.4,47.67623799266054,-15.27623799266054,15.27623799266054
IRFKriging,559.0,50.2,45.22446450448911,4.97553549551089,4.97553549551089
IRFKriging,560.0,44.6,42.84191407135286,1.7580859286471409,1.7580859286471409
IRFKriging,561.0,33.4,40.53198564120063,-7.131985641200629,7.131985641200629
IRFKriging,562.0,21.4,38.29819817560582,-16.89819817560582,16.89819817560582
IRFKriging,563.0,18.5,36.14413667477905,-17.64413667477905,17.64413667477905
IRFKriging,564.0,26.1,34.07340668453513,-7.973406684535128,7.973406684535128
IRFKriging,565.0,26.4,32.08959561782112,-5.689595617821119,5.689595617821119
IRFKriging,566.0,17.7,30.19623953747528,-12.49623953747528,12.49623953747528
IRFKriging,567.0,32.3,28.3967944481806,3.903205551819397,3.903205551819397
IRFKriging,568.0,18.9,26.694611242841496,-7.794611242841498,7.794611242841498
IRFKriging,569.0,19.2,25.092913743316487,-5.8929137433164875,5.8929137433164875
IRFKriging,570.0,17.8,23.594779321071677,-5.794779321071676,5.794779321071676
IRFKriging,571.0,32.6,22.203121729803264,10.396878270196737,10.396878270196737
IRFKriging,572.0,43.7,20.920675852544345,22.779324147455657,22.779324147455657
IRFKriging,573.0,13.2,19.74998412174316,-6.549984121743162,6.549984121743162
IRFKriging,574.0,5.7,18.69338442924201,-12.99338442924201,12.99338442924201
IRFKriging,575.0,8.2,17.752999363241816,-9.552999363241817,9.552999363241817
IRFKriging,576.0,6.8,16.930726668519185,-10.130726668519184,10.130726668519184
IRFKriging,577.0,10.7,16.22823081668903,-5.528230816689032,5.528230816689032
IRFKriging,578.0,2.5,15.646935621304316,-13.146935621304316,13.146935621304316
IRFKriging,579.0,8.9,15.188017819554544,-6.288017819554543,6.288017819554543
IRFKriging,580.0,13.1,14.85240158358047,-1.75240158358047,1.75240158358047
IRFKriging,581.0,15.6,14.640753906201164,0.9592460937988356,0.9592460937988356
IRFKriging,582.0,1.6,14.553480831077684,-12.953480831077684,12.953480831077684
IRFKriging,583.0,8.7,14.59072449967418,-5.89072449967418,5.89072449967418
IRFKriging,584.0,3.3,14.752360988524536,-11.452360988524536,11.452360988524536
IRFKriging,585.0,4.9,15.037998908574886,-10.137998908574886,10.137998908574886
IRFKriging,586.0,4.9,15.446978758282798,-10.546978758282798,10.546978758282798
IRFKriging,587.0,3.1,15.978373006357916,-12.878373006357917,12.878373006357917
IRFKriging,588.0,7.7,16.630986893853986,-8.930986893853987,8.930986893853987
IRFKriging,589.0,0.8,17.403359941533616,-16.603359941533615,16.603359941533615
IRFKriging,590.0,9.4,18.29376813295927,-8.893768132959268,8.893768132959268
IRFKriging,591.0,9.1,19.30022678957349,-10.20022678957349,10.20022678957349
IRFKriging,592.0,9.9,20.42049409847877,-10.52049409847877,10.52049409847877
IRFKriging,593.0,1.2,21.652075291847336,-20.452075291847336,20.452075291847336
IRFKriging,594.0,0.9,22.992227457580164,-22.092227457580165,22.092227457580165
IRFKriging,595.0,0.5,24.43796497357173,-23.93796497357173,23.93796497357173
IRFKriging,596.0,1.1,25.98606554676957,-24.88606554676957,24.88606554676957
IRFKriging,597.0,0.4,27.63307683899008,-27.23307683899008,27.23307683899008
IRFKriging,598.0,0.5,29.37532367039201,-28.87532367039201,28.87532367039201
IRFKriging,599.0,1.5,31.20891576707217,-29.70891576707217,29.70891576707217
IRFKriging,600.0,6.2,33.12975606010658,-26.92975606010658,26.92975606010658
IRFKriging,601.0,0.2,35.13354948637592,-34.93354948637592,34.93354948637592
IRFKriging,602.0,1.5,37.2158122962418,-35.7158122962418,35.7158122962418
IRFKriging,603.0,5.2,39.37188182868769,-34.17188182868769,34.17188182868769
IRFKriging,604.0,0.2,41.59692674287365,-41.396926742873646,41.396926742873646
IRFKriging,605.0,5.8,43.88595767433151,-38.08595767433151,38.08595767433151
IRFKriging,606.0,6.1,46.23383829391047,-40.13383829391047,40.13383829391047
IRFKriging,607.0,7.5,48.635296749194815,-41.135296749194815,41.135296749194815
IRFKriging,608.0,0.6,51.08493745138317,-50.48493745138317,50.48493745138317
IRFKriging,609.0,14.6,53.57725318084721,-38.97725318084721,38.97725318084721
IRFKriging,610.0,34.5,56.10663750222095,-21.60663750222095,21.60663750222095
IRFKriging,611.0,23.1,58.66739742823116,-35.56739742823116,35.56739742823116
IRFKriging,612.0,10.4,61.25376632209572,-50.85376632209572,50.85376632209572
IRFKriging,613.0,8.2,63.85991701497751,-55.65991701497751,55.65991701497751
IRFKriging,614.0,17.2,66.4799750798698,-49.2799750798698,49.2799750798698
IRFKriging,615.0,24.5,69.10803225032159,-44.608032250321585,44.608032250321585
IRFKriging,616.0,21.2,71.73815995633723,-50.538159956337225,50.538159956337225
IRFKriging,617.0,25.0,74.36442291927625,-49.36442291927625,49.36442291927625
IRFKriging,618.0,34.3,76.98089279715782,-42.680892797157824,42.680892797157824
IRFKriging,619.0,22.0,79.58166183550314,-57.58166183550314,57.58166183550314
IRFKriging,620.0,51.3,82.16085649307834,-30.860856493078344,30.860856493078344
IRFKriging,621.0,37.4,84.71265099984525,-47.31265099984525,47.31265099984525
IRFKriging,622.0,34.8,87.23128083370052,-52.43128083370053,52.43128083370053
IRFKriging,623.0,67.5,89.71105605342093,-22.211056053420933,22.211056053420933
IRFKriging,624.0,55.3,92.14637448819292,-36.84637448819292,36.84637448819292
IRFKriging,625.0,60.9,94.53173471713188,-33.631734717131884,33.631734717131884
IRFKriging,626.0,78.6,96.86174883506511,-18.26174883506512,18.26174883506512
IRFKriging,627.0,84.0,99.13115494664626,-15.131154946646262,15.131154946646262
IRFKriging,628.0,96.5,101.3348293833015,-4.834829383301496,4.834829383301496
IRFKriging,629.0,70.3,103.46779859063923,-33.16779859063924,33.16779859063924
IRFKriging,630.0,91.4,105.52525066743812,-14.12525066743811,14.12525066743811
IRFKriging,631.0,74.6,107.50254652545765,-32.90254652545765,32.90254652545765
IRFKriging,632.0,96.0,109.39523064163656,-13.395230641636559,13.395230641636559
IRFKriging,633.0,95.5,111.19904137751428,-15.699041377514277,15.699041377514277
IRFKriging,634.0,80.5,112.90992083740646,-32.40992083740646,32.40992083740646
IRFKriging,635.0,112.8,114.524024235205,-1.7240242352050075,1.7240242352050075
IRFKriging,636.0,144.4,116.03772876958764,28.36227123041236,28.36227123041236
IRFKriging,637.0,111.3,117.4476419552135,-6.147641955213501,6.147641955213501
IRFKriging,638.0,123.3,118.75060941224947,4.549390587750523,4.549390587750523
IRFKriging,639.0,97.6,119.94372208424453,-22.343722084244533,22.343722084244533
IRFKriging,640.0,137.4,121.02432287427888,16.375677125721126,16.375677125721126
IRFKriging,641.0,160.5,121.99001267578154,38.50998732421846,38.50998732421846
IRFKriging,642.0,160.0,122.83865579406236,37.16134420593764,37.16134420593764
IRFKriging,643.0,114.8,123.56838473690524,-8.768384736905247,8.768384736905247
IRFKriging,644.0,134.2,124.17760436612092,10.022395633879071,10.022395633879071
IRFKriging,645.0,99.9,124.66499541141488,-24.764995411414873,24.764995411414873
IRFKriging,646.0,107.1,125.02951731991544,-17.929517319915448,17.929517319915448
IRFKriging,647.0,113.5,125.27041045303685,-11.770410453036845,11.770410453036845
IRFKriging,648.0,126.0,125.38719762741565,0.6128023725843548,0.6128023725843548
IRFKriging,649.0,123.0,125.37968497020748,-2.379684970207478,2.379684970207478
IRFKriging,650.0,103.7,125.24796214080686,-21.54796214080686,21.54796214080686
IRFKriging,651.0,137.0,124.9924018644102,12.007598135589802,12.007598135589802
IRFKriging,652.0,172.1,124.6136588181512,47.4863411818488,47.4863411818488
IRFKriging,653.0,164.1,124.11266785965825,39.98733214034175,39.98733214034175
IRFKriging,654.0,196.8,123.49064161485052,73.3093583851495,73.3093583851495
IRFKriging,655.0,216.0,122.74906741205164,93.25093258794836,93.25093258794836
IRFKriging,656.0,141.1,121.8897036011096,19.210296398890392,19.210296398890392
IRFKriging,657.0,165.8,120.91457524534296,44.88542475465705,44.88542475465705
IRFKriging,658.0,154.1,119.82596920806938,34.27403079193061,34.27403079193061
IRFKriging,659.0,154.6,118.6264286505771,35.9735713494229,35.9735713494229
IRFKriging,660.0,137.0,117.31874695379253,19.681253046207473,19.681253046207473
IRFKriging,661.0,155.7,115.90596107260716,39.79403892739283,39.79403892739283
IRFKriging,662.0,134.2,114.39134436237272,19.808655637627268,19.808655637627268
IRFKriging,663.0,141.4,112.77839886683012,28.62160113316989,28.62160113316989
IRFKriging,664.0,78.5,111.07084711093204,-32.570847110932036,32.570847110932036
IRFKriging,665.0,114.6,109.27262341415836,5.327376585841634,5.327376585841634
IRFKriging,666.0,125.9,107.38786474234644,18.51213525765357,18.51213525765357
IRFKriging,667.0,133.7,105.4209011144677,28.279098885532292,28.279098885532292
IRFKriging,668.0,129.7,103.37624561131447,26.323754388685515,26.323754388685515
IRFKriging,669.0,114.8,101.2585839779384,13.541416022061597,13.541416022061597
IRFKriging,670.0,91.7,99.07276388203474,-7.372763882034732,7.372763882034732
IRFKriging,671.0,124.2,96.8237838126766,27.376216187323408,27.376216187323408
IRFKriging,672.0,112.5,94.51678168622564,17.98321831377436,17.98321831377436
IRFKriging,673.0,78.2,92.15702315178656,-13.957023151786558,13.957023151786558
IRFKriging,674.0,85.9,89.74988964952084,-3.849889649520833,3.849889649520833
IRFKriging,675.0,79.3,87.30086622641959,-8.000866226419589,8.000866226419589
